scandal_id,time
0,0.4724544973030262
1,1.7807754845153239
2,4.100754567292544
3,4.342335414347192
4,5.258952342730487
5,5.918968047780759
6,8.203999826698999
7,9.362046880807057
8,9.80288887314325
9,12.27631892785653
10,13.079206015267685
11,13.74145243657993
12,16.95227071171213
13,17.512501053106092
14,18.851987655715078
15,21.267666363461426
16,21.78506529977405
17,23.53625515258605
